"State.Name","Year","Deaths","State_ID","LogDeaths","ExistingPolicy","Law","LawDateforMap","LawDate","LawDateMonth","MedicaidPolicyDate","MedicaidPolicy","MedicaidPolicyDateMonth","AnyPolicyDateforMap","AnyPolicyDate","ExistingPDMP","PhysicianDensity2009","PhysicianDensity2019","PhysicianDensity","Pop2010","Pop2020","Pop2022","AgeAdjDeathRate","AvgTemp","LogAvgTemp","PoliticalLeaning","OpioidPrescribingRate"
"Alabama",2015,0,1,0,0,0,0,0,0,2019,1,201811,2018,2019,0,21.5,23.7,22.6,4779736,5024356,5074296,941.7,64.8111111111111,4.17147705642337,"Republican",3.862
"Alabama",2016,0,1,0,0,0,0,0,0,2019,1,201811,2018,2019,0,21.5,23.7,22.6,4779736,5024356,5074296,941.7,64.8111111111111,4.17147705642337,"Republican",3.862
"Alabama",2017,0,1,0,0,0,0,0,0,2019,1,201811,2018,2019,0,21.5,23.7,22.6,4779736,5024356,5074296,941.7,64.8111111111111,4.17147705642337,"Republican",3.862
"Alabama",2018,0,1,0,0,0,0,0,0,2019,1,201811,2018,2019,0,21.5,23.7,22.6,4779736,5024356,5074296,941.7,64.8111111111111,4.17147705642337,"Republican",3.862
"Alabama",2019,10,1,2.39789527279837,0,0,0,0,0,2019,1,201811,2018,2019,0,21.5,23.7,22.6,4779736,5024356,5074296,941.7,64.8111111111111,4.17147705642337,"Republican",3.862
"Alabama",2020,0,1,0,0,0,0,0,0,2019,1,201811,2018,2019,0,21.5,23.7,22.6,4779736,5024356,5074296,941.7,64.8111111111111,4.17147705642337,"Republican",3.862
"Alabama",2021,22,1,3.13549421592915,0,0,0,0,0,2019,1,201811,2018,2019,0,21.5,23.7,22.6,4779736,5024356,5074296,941.7,64.8111111111111,4.17147705642337,"Republican",3.862
"Alabama",2022,46,1,3.85014760171006,0,0,0,0,0,2019,1,201811,2018,2019,0,21.5,23.7,22.6,4779736,5024356,5074296,941.7,64.8111111111111,4.17147705642337,"Republican",3.862
"Alaska",2015,0,2,0,0,1,2017,2018,201707,2019,1,201811,2017,2018,0,24.5,28.3,26.4,710231,733378,733583,730.6,29.4222222222222,3.38175024672663,"Republican",5.662
"Alaska",2016,0,2,0,0,1,2017,2018,201707,2019,1,201811,2017,2018,0,24.5,28.3,26.4,710231,733378,733583,730.6,29.4222222222222,3.38175024672663,"Republican",5.662
"Alaska",2017,0,2,0,0,1,2017,2018,201707,2019,1,201811,2017,2018,0,24.5,28.3,26.4,710231,733378,733583,730.6,29.4222222222222,3.38175024672663,"Republican",5.662
"Alaska",2018,0,2,0,0,1,2017,2018,201707,2019,1,201811,2017,2018,0,24.5,28.3,26.4,710231,733378,733583,730.6,29.4222222222222,3.38175024672663,"Republican",5.662
"Alaska",2019,0,2,0,0,1,2017,2018,201707,2019,1,201811,2017,2018,0,24.5,28.3,26.4,710231,733378,733583,730.6,29.4222222222222,3.38175024672663,"Republican",5.662
"Alaska",2020,0,2,0,0,1,2017,2018,201707,2019,1,201811,2017,2018,0,24.5,28.3,26.4,710231,733378,733583,730.6,29.4222222222222,3.38175024672663,"Republican",5.662
"Alaska",2021,0,2,0,0,1,2017,2018,201707,2019,1,201811,2017,2018,0,24.5,28.3,26.4,710231,733378,733583,730.6,29.4222222222222,3.38175024672663,"Republican",5.662
"Alaska",2022,10,2,2.39789527279837,0,1,2017,2018,201707,2019,1,201811,2017,2018,0,24.5,28.3,26.4,710231,733378,733583,730.6,29.4222222222222,3.38175024672663,"Republican",5.662
"Arizona",2015,14,3,2.70805020110221,0,1,2018,2018,201804,0,0,0,2018,2018,1,22.6,26.5,24.55,6392017,7151507,7359197,697.8,61.8111111111111,4.12408313974503,"Swing State",5.096
"Arizona",2016,32,3,3.49650756146648,0,1,2018,2018,201804,0,0,0,2018,2018,1,22.6,26.5,24.55,6392017,7151507,7359197,697.8,61.8111111111111,4.12408313974503,"Swing State",5.096
"Arizona",2017,33,3,3.52636052461616,0,1,2018,2018,201804,0,0,0,2018,2018,1,22.6,26.5,24.55,6392017,7151507,7359197,697.8,61.8111111111111,4.12408313974503,"Swing State",5.096
"Arizona",2018,56,3,4.04305126783455,0,1,2018,2018,201804,0,0,0,2018,2018,1,22.6,26.5,24.55,6392017,7151507,7359197,697.8,61.8111111111111,4.12408313974503,"Swing State",5.096
"Arizona",2019,71,3,4.27666611901606,0,1,2018,2018,201804,0,0,0,2018,2018,1,22.6,26.5,24.55,6392017,7151507,7359197,697.8,61.8111111111111,4.12408313974503,"Swing State",5.096
"Arizona",2020,61,3,4.12713438504509,0,1,2018,2018,201804,0,0,0,2018,2018,1,22.6,26.5,24.55,6392017,7151507,7359197,697.8,61.8111111111111,4.12408313974503,"Swing State",5.096
"Arizona",2021,91,3,4.52178857704904,0,1,2018,2018,201804,0,0,0,2018,2018,1,22.6,26.5,24.55,6392017,7151507,7359197,697.8,61.8111111111111,4.12408313974503,"Swing State",5.096
"Arizona",2022,97,3,4.58496747867057,0,1,2018,2018,201804,0,0,0,2018,2018,1,22.6,26.5,24.55,6392017,7151507,7359197,697.8,61.8111111111111,4.12408313974503,"Swing State",5.096
"Arkansas",2015,0,4,0,0,1,2018,2019,201808,2018,1,201803,2018,2018,1,20.4,22.6,21.5,2915918,3011555,3045637,908.7,61.7555555555556,4.12318393997218,"Republican",5.139
"Arkansas",2016,0,4,0,0,1,2018,2019,201808,2018,1,201803,2018,2018,1,20.4,22.6,21.5,2915918,3011555,3045637,908.7,61.7555555555556,4.12318393997218,"Republican",5.139
"Arkansas",2017,0,4,0,0,1,2018,2019,201808,2018,1,201803,2018,2018,1,20.4,22.6,21.5,2915918,3011555,3045637,908.7,61.7555555555556,4.12318393997218,"Republican",5.139
"Arkansas",2018,0,4,0,0,1,2018,2019,201808,2018,1,201803,2018,2018,1,20.4,22.6,21.5,2915918,3011555,3045637,908.7,61.7555555555556,4.12318393997218,"Republican",5.139
"Arkansas",2019,0,4,0,0,1,2018,2019,201808,2018,1,201803,2018,2018,1,20.4,22.6,21.5,2915918,3011555,3045637,908.7,61.7555555555556,4.12318393997218,"Republican",5.139
"Arkansas",2020,11,4,2.484906649788,0,1,2018,2019,201808,2018,1,201803,2018,2018,1,20.4,22.6,21.5,2915918,3011555,3045637,908.7,61.7555555555556,4.12318393997218,"Republican",5.139
"Arkansas",2021,0,4,0,0,1,2018,2019,201808,2018,1,201803,2018,2018,1,20.4,22.6,21.5,2915918,3011555,3045637,908.7,61.7555555555556,4.12318393997218,"Republican",5.139
"Arkansas",2022,0,4,0,0,1,2018,2019,201808,2018,1,201803,2018,2018,1,20.4,22.6,21.5,2915918,3011555,3045637,908.7,61.7555555555556,4.12318393997218,"Republican",5.139
"California",2015,201,5,5.30826769740121,0,0,0,0,0,0,0,0,0,0,0,26.2,29.4,27.8,37253956,39538245,39029342,632.9,59.8777777777778,4.09230544760323,"Democrat",3.887
"California",2016,211,5,5.35658627467201,0,0,0,0,0,0,0,0,0,0,0,26.2,29.4,27.8,37253956,39538245,39029342,632.9,59.8777777777778,4.09230544760323,"Democrat",3.887
"California",2017,267,5,5.59098698051086,0,0,0,0,0,0,0,0,0,0,0,26.2,29.4,27.8,37253956,39538245,39029342,632.9,59.8777777777778,4.09230544760323,"Democrat",3.887
"California",2018,262,5,5.57215403217776,0,0,0,0,0,0,0,0,0,0,0,26.2,29.4,27.8,37253956,39538245,39029342,632.9,59.8777777777778,4.09230544760323,"Democrat",3.887
"California",2019,368,5,5.91079664404053,0,0,0,0,0,0,0,0,0,0,0,26.2,29.4,27.8,37253956,39538245,39029342,632.9,59.8777777777778,4.09230544760323,"Democrat",3.887
"California",2020,448,5,6.10702288774225,0,0,0,0,0,0,0,0,0,0,0,26.2,29.4,27.8,37253956,39538245,39029342,632.9,59.8777777777778,4.09230544760323,"Democrat",3.887
"California",2021,682,5,6.52649485957079,0,0,0,0,0,0,0,0,0,0,0,26.2,29.4,27.8,37253956,39538245,39029342,632.9,59.8777777777778,4.09230544760323,"Democrat",3.887
"California",2022,713,5,6.57088296233958,0,0,0,0,0,0,0,0,0,0,0,26.2,29.4,27.8,37253956,39538245,39029342,632.9,59.8777777777778,4.09230544760323,"Democrat",3.887
"Colorado",2015,16,6,2.83321334405622,0,1,2018,2018,201805,2015,1,201408,2014,2015,1,26.9,30.9,28.9,5029196,5773733,5839926,680.4,46.8888888888889,3.84778073669979,"Democrat",6.839
"Colorado",2016,10,6,2.39789527279837,0,1,2018,2018,201805,2015,1,201408,2014,2015,1,26.9,30.9,28.9,5029196,5773733,5839926,680.4,46.8888888888889,3.84778073669979,"Democrat",6.839
"Colorado",2017,20,6,3.04452243772342,0,1,2018,2018,201805,2015,1,201408,2014,2015,1,26.9,30.9,28.9,5029196,5773733,5839926,680.4,46.8888888888889,3.84778073669979,"Democrat",6.839
"Colorado",2018,38,6,3.66356164612965,0,1,2018,2018,201805,2015,1,201408,2014,2015,1,26.9,30.9,28.9,5029196,5773733,5839926,680.4,46.8888888888889,3.84778073669979,"Democrat",6.839
"Colorado",2019,23,6,3.17805383034795,0,1,2018,2018,201805,2015,1,201408,2014,2015,1,26.9,30.9,28.9,5029196,5773733,5839926,680.4,46.8888888888889,3.84778073669979,"Democrat",6.839
"Colorado",2020,31,6,3.46573590279973,0,1,2018,2018,201805,2015,1,201408,2014,2015,1,26.9,30.9,28.9,5029196,5773733,5839926,680.4,46.8888888888889,3.84778073669979,"Democrat",6.839
"Colorado",2021,71,6,4.27666611901606,0,1,2018,2018,201805,2015,1,201408,2014,2015,1,26.9,30.9,28.9,5029196,5773733,5839926,680.4,46.8888888888889,3.84778073669979,"Democrat",6.839
"Colorado",2022,75,6,4.33073334028633,0,1,2018,2018,201805,2015,1,201408,2014,2015,1,26.9,30.9,28.9,5029196,5773733,5839926,680.4,46.8888888888889,3.84778073669979,"Democrat",6.839
"Connecticut",2015,12,7,2.56494935746154,0,1,2016,2017,201607,0,0,0,2016,2017,1,36.6,38.9,37.75,3574097,3605942,3626205,672,51.0555555555556,3.93291436445952,"Democrat",3.867
"Connecticut",2016,10,7,2.39789527279837,0,1,2016,2017,201607,0,0,0,2016,2017,1,36.6,38.9,37.75,3574097,3605942,3626205,672,51.0555555555556,3.93291436445952,"Democrat",3.867
"Connecticut",2017,0,7,0,0,1,2016,2017,201607,0,0,0,2016,2017,1,36.6,38.9,37.75,3574097,3605942,3626205,672,51.0555555555556,3.93291436445952,"Democrat",3.867
"Connecticut",2018,42,7,3.76120011569356,0,1,2016,2017,201607,0,0,0,2016,2017,1,36.6,38.9,37.75,3574097,3605942,3626205,672,51.0555555555556,3.93291436445952,"Democrat",3.867
"Connecticut",2019,73,7,4.30406509320417,0,1,2016,2017,201607,0,0,0,2016,2017,1,36.6,38.9,37.75,3574097,3605942,3626205,672,51.0555555555556,3.93291436445952,"Democrat",3.867
"Connecticut",2020,64,7,4.17438726989564,0,1,2016,2017,201607,0,0,0,2016,2017,1,36.6,38.9,37.75,3574097,3605942,3626205,672,51.0555555555556,3.93291436445952,"Democrat",3.867
"Connecticut",2021,106,7,4.67282883446191,0,1,2016,2017,201607,0,0,0,2016,2017,1,36.6,38.9,37.75,3574097,3605942,3626205,672,51.0555555555556,3.93291436445952,"Democrat",3.867
"Connecticut",2022,162,7,5.09375020080676,0,1,2016,2017,201607,0,0,0,2016,2017,1,36.6,38.9,37.75,3574097,3605942,3626205,672,51.0555555555556,3.93291436445952,"Democrat",3.867
"Delaware",2015,0,8,0,0,1,2017,2017,201704,0,0,0,2017,2017,1,26.3,27.9,27.1,897934,989957,1018396,764.1,57.3111111111111,4.04849451611102,"Democrat",4.021
"Delaware",2016,0,8,0,0,1,2017,2017,201704,0,0,0,2017,2017,1,26.3,27.9,27.1,897934,989957,1018396,764.1,57.3111111111111,4.04849451611102,"Democrat",4.021
"Delaware",2017,0,8,0,0,1,2017,2017,201704,0,0,0,2017,2017,1,26.3,27.9,27.1,897934,989957,1018396,764.1,57.3111111111111,4.04849451611102,"Democrat",4.021
"Delaware",2018,11,8,2.484906649788,0,1,2017,2017,201704,0,0,0,2017,2017,1,26.3,27.9,27.1,897934,989957,1018396,764.1,57.3111111111111,4.04849451611102,"Democrat",4.021
"Delaware",2019,0,8,0,0,1,2017,2017,201704,0,0,0,2017,2017,1,26.3,27.9,27.1,897934,989957,1018396,764.1,57.3111111111111,4.04849451611102,"Democrat",4.021
"Delaware",2020,13,8,2.63905732961526,0,1,2017,2017,201704,0,0,0,2017,2017,1,26.3,27.9,27.1,897934,989957,1018396,764.1,57.3111111111111,4.04849451611102,"Democrat",4.021
"Delaware",2021,29,8,3.40119738166216,0,1,2017,2017,201704,0,0,0,2017,2017,1,26.3,27.9,27.1,897934,989957,1018396,764.1,57.3111111111111,4.04849451611102,"Democrat",4.021
"Delaware",2022,44,8,3.80666248977032,0,1,2017,2017,201704,0,0,0,2017,2017,1,26.3,27.9,27.1,897934,989957,1018396,764.1,57.3111111111111,4.04849451611102,"Democrat",4.021
"District of Columbia",2015,0,9,0,0,0,0,0,0,2019,1,201810,2018,2019,0,74.1,72.8,73.45,601723,689546,671803,749.3,60.37,4.10049229280833,"Democrat",3.439
"District of Columbia",2016,57,9,4.06044301054642,0,0,0,0,0,2019,1,201810,2018,2019,0,74.1,72.8,73.45,601723,689546,671803,749.3,60.37,4.10049229280833,"Democrat",3.439
"District of Columbia",2017,29,9,3.40119738166216,0,0,0,0,0,2019,1,201810,2018,2019,0,74.1,72.8,73.45,601723,689546,671803,749.3,60.37,4.10049229280833,"Democrat",3.439
"District of Columbia",2018,30,9,3.43398720448515,0,0,0,0,0,2019,1,201810,2018,2019,0,74.1,72.8,73.45,601723,689546,671803,749.3,60.37,4.10049229280833,"Democrat",3.439
"District of Columbia",2019,66,9,4.20469261939097,0,0,0,0,0,2019,1,201810,2018,2019,0,74.1,72.8,73.45,601723,689546,671803,749.3,60.37,4.10049229280833,"Democrat",3.439
"District of Columbia",2020,69,9,4.24849524204936,0,0,0,0,0,2019,1,201810,2018,2019,0,74.1,72.8,73.45,601723,689546,671803,749.3,60.37,4.10049229280833,"Democrat",3.439
"District of Columbia",2021,150,9,5.01727983681492,0,0,0,0,0,2019,1,201810,2018,2019,0,74.1,72.8,73.45,601723,689546,671803,749.3,60.37,4.10049229280833,"Democrat",3.439
"District of Columbia",2022,108,9,4.69134788222914,0,0,0,0,0,2019,1,201810,2018,2019,0,74.1,72.8,73.45,601723,689546,671803,749.3,60.37,4.10049229280833,"Democrat",3.439
"Florida",2015,76,10,4.34380542185368,0,1,2018,2019,201807,0,0,0,2018,2019,0,26,28.6,27.3,18801310,21538226,22244823,675.3,72.8111111111111,4.28786856870923,"Swing State",3.375
"Florida",2016,119,10,4.78749174278205,0,1,2018,2019,201807,0,0,0,2018,2019,0,26,28.6,27.3,18801310,21538226,22244823,675.3,72.8111111111111,4.28786856870923,"Swing State",3.375
"Florida",2017,128,10,4.85981240436167,0,1,2018,2019,201807,0,0,0,2018,2019,0,26,28.6,27.3,18801310,21538226,22244823,675.3,72.8111111111111,4.28786856870923,"Swing State",3.375
"Florida",2018,155,10,5.04985600724954,0,1,2018,2019,201807,0,0,0,2018,2019,0,26,28.6,27.3,18801310,21538226,22244823,675.3,72.8111111111111,4.28786856870923,"Swing State",3.375
"Florida",2019,206,10,5.33271879326537,0,1,2018,2019,201807,0,0,0,2018,2019,0,26,28.6,27.3,18801310,21538226,22244823,675.3,72.8111111111111,4.28786856870923,"Swing State",3.375
"Florida",2020,300,10,5.70711026474888,0,1,2018,2019,201807,0,0,0,2018,2019,0,26,28.6,27.3,18801310,21538226,22244823,675.3,72.8111111111111,4.28786856870923,"Swing State",3.375
"Florida",2021,388,10,5.96357934361845,0,1,2018,2019,201807,0,0,0,2018,2019,0,26,28.6,27.3,18801310,21538226,22244823,675.3,72.8111111111111,4.28786856870923,"Swing State",3.375
"Florida",2022,424,10,6.05208916892442,0,1,2018,2019,201807,0,0,0,2018,2019,0,26,28.6,27.3,18801310,21538226,22244823,675.3,72.8111111111111,4.28786856870923,"Swing State",3.375
"Georgia",2015,21,11,3.09104245335832,0,0,0,0,0,0,0,0,0,0,1,21.3,24.4,22.85,9687653,10711937,10912876,814.7,65.4222222222222,4.18086199007845,"Swing State",4.48
"Georgia",2016,46,11,3.85014760171006,0,0,0,0,0,0,0,0,0,0,1,21.3,24.4,22.85,9687653,10711937,10912876,814.7,65.4222222222222,4.18086199007845,"Swing State",4.48
"Georgia",2017,24,11,3.2188758248682,0,0,0,0,0,0,0,0,0,0,1,21.3,24.4,22.85,9687653,10711937,10912876,814.7,65.4222222222222,4.18086199007845,"Swing State",4.48
"Georgia",2018,65,11,4.18965474202643,0,0,0,0,0,0,0,0,0,0,1,21.3,24.4,22.85,9687653,10711937,10912876,814.7,65.4222222222222,4.18086199007845,"Swing State",4.48
"Georgia",2019,59,11,4.0943445622221,0,0,0,0,0,0,0,0,0,0,1,21.3,24.4,22.85,9687653,10711937,10912876,814.7,65.4222222222222,4.18086199007845,"Swing State",4.48
"Georgia",2020,95,11,4.56434819146784,0,0,0,0,0,0,0,0,0,0,1,21.3,24.4,22.85,9687653,10711937,10912876,814.7,65.4222222222222,4.18086199007845,"Swing State",4.48
"Georgia",2021,105,11,4.66343909411207,0,0,0,0,0,0,0,0,0,0,1,21.3,24.4,22.85,9687653,10711937,10912876,814.7,65.4222222222222,4.18086199007845,"Swing State",4.48
"Georgia",2022,132,11,4.89034912822175,0,0,0,0,0,0,0,0,0,0,1,21.3,24.4,22.85,9687653,10711937,10912876,814.7,65.4222222222222,4.18086199007845,"Swing State",4.48
"Idaho",2015,0,12,0,0,0,0,0,0,0,0,0,0,0,0,18.3,19.8,19.05,1567582,1839092,1939033,744.1,44.4888888888889,3.79523947010485,"Republican",4.664
"Idaho",2016,0,12,0,0,0,0,0,0,0,0,0,0,0,0,18.3,19.8,19.05,1567582,1839092,1939033,744.1,44.4888888888889,3.79523947010485,"Republican",4.664
"Idaho",2017,0,12,0,0,0,0,0,0,0,0,0,0,0,0,18.3,19.8,19.05,1567582,1839092,1939033,744.1,44.4888888888889,3.79523947010485,"Republican",4.664
"Idaho",2018,0,12,0,0,0,0,0,0,0,0,0,0,0,0,18.3,19.8,19.05,1567582,1839092,1939033,744.1,44.4888888888889,3.79523947010485,"Republican",4.664
"Idaho",2019,12,12,2.56494935746154,0,0,0,0,0,0,0,0,0,0,0,18.3,19.8,19.05,1567582,1839092,1939033,744.1,44.4888888888889,3.79523947010485,"Republican",4.664
"Idaho",2020,0,12,0,0,0,0,0,0,0,0,0,0,0,0,18.3,19.8,19.05,1567582,1839092,1939033,744.1,44.4888888888889,3.79523947010485,"Republican",4.664
"Idaho",2021,10,12,2.39789527279837,0,0,0,0,0,0,0,0,0,0,0,18.3,19.8,19.05,1567582,1839092,1939033,744.1,44.4888888888889,3.79523947010485,"Republican",4.664
"Idaho",2022,12,12,2.56494935746154,0,0,0,0,0,0,0,0,0,0,0,18.3,19.8,19.05,1567582,1839092,1939033,744.1,44.4888888888889,3.79523947010485,"Republican",4.664
"Illinois",2015,50,13,3.93182563272433,1,0,0,0,0,0,0,0,0,0,0,27.8,30.7,29.25,12830632,12812545,12582032,743.8,53.3888888888889,3.97760265107413,"Democrat",4.125
"Illinois",2016,44,13,3.80666248977032,1,0,0,0,0,0,0,0,0,0,0,27.8,30.7,29.25,12830632,12812545,12582032,743.8,53.3888888888889,3.97760265107413,"Democrat",4.125
"Illinois",2017,114,13,4.74493212836325,1,0,0,0,0,0,0,0,0,0,0,27.8,30.7,29.25,12830632,12812545,12582032,743.8,53.3888888888889,3.97760265107413,"Democrat",4.125
"Illinois",2018,134,13,4.90527477843843,1,0,0,0,0,0,0,0,0,0,0,27.8,30.7,29.25,12830632,12812545,12582032,743.8,53.3888888888889,3.97760265107413,"Democrat",4.125
"Illinois",2019,195,13,5.27811465923052,1,0,0,0,0,0,0,0,0,0,0,27.8,30.7,29.25,12830632,12812545,12582032,743.8,53.3888888888889,3.97760265107413,"Democrat",4.125
"Illinois",2020,287,13,5.66296048013595,1,0,0,0,0,0,0,0,0,0,0,27.8,30.7,29.25,12830632,12812545,12582032,743.8,53.3888888888889,3.97760265107413,"Democrat",4.125
"Illinois",2021,337,13,5.82304589548302,1,0,0,0,0,0,0,0,0,0,0,27.8,30.7,29.25,12830632,12812545,12582032,743.8,53.3888888888889,3.97760265107413,"Democrat",4.125
"Illinois",2022,391,13,5.97126183979046,1,0,0,0,0,0,0,0,0,0,0,27.8,30.7,29.25,12830632,12812545,12582032,743.8,53.3888888888889,3.97760265107413,"Democrat",4.125
"Indiana",2015,10,14,2.39789527279837,0,1,2017,2018,201707,0,0,0,2017,2018,1,22.3,23.9,23.1,6483802,6785668,6833037,863.5,53.2111111111111,3.97426723001234,"Republican",4.614
"Indiana",2016,0,14,0,0,1,2017,2018,201707,0,0,0,2017,2018,1,22.3,23.9,23.1,6483802,6785668,6833037,863.5,53.2111111111111,3.97426723001234,"Republican",4.614
"Indiana",2017,24,14,3.2188758248682,0,1,2017,2018,201707,0,0,0,2017,2018,1,22.3,23.9,23.1,6483802,6785668,6833037,863.5,53.2111111111111,3.97426723001234,"Republican",4.614
"Indiana",2018,56,14,4.04305126783455,0,1,2017,2018,201707,0,0,0,2017,2018,1,22.3,23.9,23.1,6483802,6785668,6833037,863.5,53.2111111111111,3.97426723001234,"Republican",4.614
"Indiana",2019,41,14,3.73766961828337,0,1,2017,2018,201707,0,0,0,2017,2018,1,22.3,23.9,23.1,6483802,6785668,6833037,863.5,53.2111111111111,3.97426723001234,"Republican",4.614
"Indiana",2020,62,14,4.14313472639153,0,1,2017,2018,201707,0,0,0,2017,2018,1,22.3,23.9,23.1,6483802,6785668,6833037,863.5,53.2111111111111,3.97426723001234,"Republican",4.614
"Indiana",2021,101,14,4.62497281328427,0,1,2017,2018,201707,0,0,0,2017,2018,1,22.3,23.9,23.1,6483802,6785668,6833037,863.5,53.2111111111111,3.97426723001234,"Republican",4.614
"Indiana",2022,111,14,4.71849887129509,0,1,2017,2018,201707,0,0,0,2017,2018,1,22.3,23.9,23.1,6483802,6785668,6833037,863.5,53.2111111111111,3.97426723001234,"Republican",4.614
"Kansas",2015,0,15,0,0,0,0,0,0,0,0,0,0,0,0,24,26.9,25.45,2853118,2937847,2937150,790.4,55.7333333333333,4.02057841198249,"Republican",4.324
"Kansas",2016,0,15,0,0,0,0,0,0,0,0,0,0,0,0,24,26.9,25.45,2853118,2937847,2937150,790.4,55.7333333333333,4.02057841198249,"Republican",4.324
"Kansas",2017,0,15,0,0,0,0,0,0,0,0,0,0,0,0,24,26.9,25.45,2853118,2937847,2937150,790.4,55.7333333333333,4.02057841198249,"Republican",4.324
"Kansas",2018,0,15,0,0,0,0,0,0,0,0,0,0,0,0,24,26.9,25.45,2853118,2937847,2937150,790.4,55.7333333333333,4.02057841198249,"Republican",4.324
"Kansas",2019,0,15,0,0,0,0,0,0,0,0,0,0,0,0,24,26.9,25.45,2853118,2937847,2937150,790.4,55.7333333333333,4.02057841198249,"Republican",4.324
"Kansas",2020,0,15,0,0,0,0,0,0,0,0,0,0,0,0,24,26.9,25.45,2853118,2937847,2937150,790.4,55.7333333333333,4.02057841198249,"Republican",4.324
"Kansas",2021,22,15,3.13549421592915,0,0,0,0,0,0,0,0,0,0,0,24,26.9,25.45,2853118,2937847,2937150,790.4,55.7333333333333,4.02057841198249,"Republican",4.324
"Kansas",2022,36,15,3.61091791264422,0,0,0,0,0,0,0,0,0,0,0,24,26.9,25.45,2853118,2937847,2937150,790.4,55.7333333333333,4.02057841198249,"Republican",4.324
"Kentucky",2015,12,16,2.56494935746154,1,1,2017,2017,201706,0,0,0,2017,2017,1,23.1,25.4,24.25,4339367,4505893,4512310,947.2,57.2555555555556,4.04752467799796,"Republican",3.423
"Kentucky",2016,13,16,2.63905732961526,1,1,2017,2017,201706,0,0,0,2017,2017,1,23.1,25.4,24.25,4339367,4505893,4512310,947.2,57.2555555555556,4.04752467799796,"Republican",3.423
"Kentucky",2017,0,16,0,1,1,2017,2017,201706,0,0,0,2017,2017,1,23.1,25.4,24.25,4339367,4505893,4512310,947.2,57.2555555555556,4.04752467799796,"Republican",3.423
"Kentucky",2018,22,16,3.13549421592915,1,1,2017,2017,201706,0,0,0,2017,2017,1,23.1,25.4,24.25,4339367,4505893,4512310,947.2,57.2555555555556,4.04752467799796,"Republican",3.423
"Kentucky",2019,36,16,3.61091791264422,1,1,2017,2017,201706,0,0,0,2017,2017,1,23.1,25.4,24.25,4339367,4505893,4512310,947.2,57.2555555555556,4.04752467799796,"Republican",3.423
"Kentucky",2020,52,16,3.97029191355212,1,1,2017,2017,201706,0,0,0,2017,2017,1,23.1,25.4,24.25,4339367,4505893,4512310,947.2,57.2555555555556,4.04752467799796,"Republican",3.423
"Kentucky",2021,73,16,4.30406509320417,1,1,2017,2017,201706,0,0,0,2017,2017,1,23.1,25.4,24.25,4339367,4505893,4512310,947.2,57.2555555555556,4.04752467799796,"Republican",3.423
"Kentucky",2022,67,16,4.21950770517611,1,1,2017,2017,201706,0,0,0,2017,2017,1,23.1,25.4,24.25,4339367,4505893,4512310,947.2,57.2555555555556,4.04752467799796,"Republican",3.423
"Louisiana",2015,0,17,0,0,1,2017,2018,201708,2018,1,201707,2017,2018,1,25.3,29.2,27.25,4533372,4657749,4590241,905.1,68.1777777777778,4.22211867271683,"Republican",3.994
"Louisiana",2016,0,17,0,0,1,2017,2018,201708,2018,1,201707,2017,2018,1,25.3,29.2,27.25,4533372,4657749,4590241,905.1,68.1777777777778,4.22211867271683,"Republican",3.994
"Louisiana",2017,12,17,2.56494935746154,0,1,2017,2018,201708,2018,1,201707,2017,2018,1,25.3,29.2,27.25,4533372,4657749,4590241,905.1,68.1777777777778,4.22211867271683,"Republican",3.994
"Louisiana",2018,13,17,2.63905732961526,0,1,2017,2018,201708,2018,1,201707,2017,2018,1,25.3,29.2,27.25,4533372,4657749,4590241,905.1,68.1777777777778,4.22211867271683,"Republican",3.994
"Louisiana",2019,27,17,3.3322045101752,0,1,2017,2018,201708,2018,1,201707,2017,2018,1,25.3,29.2,27.25,4533372,4657749,4590241,905.1,68.1777777777778,4.22211867271683,"Republican",3.994
"Louisiana",2020,44,17,3.80666248977032,0,1,2017,2018,201708,2018,1,201707,2017,2018,1,25.3,29.2,27.25,4533372,4657749,4590241,905.1,68.1777777777778,4.22211867271683,"Republican",3.994
"Louisiana",2021,68,17,4.23410650459726,0,1,2017,2018,201708,2018,1,201707,2017,2018,1,25.3,29.2,27.25,4533372,4657749,4590241,905.1,68.1777777777778,4.22211867271683,"Republican",3.994
"Louisiana",2022,87,17,4.47733681447821,0,1,2017,2018,201708,2018,1,201707,2017,2018,1,25.3,29.2,27.25,4533372,4657749,4590241,905.1,68.1777777777778,4.22211867271683,"Republican",3.994
"Maine",2015,0,18,0,0,1,2017,2017,201701,2018,1,201709,2017,2017,0,31.5,34.5,33,1328361,1362341,1385340,764,42.7666666666667,3.75575898295348,"Democrat",3.906
"Maine",2016,0,18,0,0,1,2017,2017,201701,2018,1,201709,2017,2017,0,31.5,34.5,33,1328361,1362341,1385340,764,42.7666666666667,3.75575898295348,"Democrat",3.906
"Maine",2017,0,18,0,0,1,2017,2017,201701,2018,1,201709,2017,2017,0,31.5,34.5,33,1328361,1362341,1385340,764,42.7666666666667,3.75575898295348,"Democrat",3.906
"Maine",2018,0,18,0,0,1,2017,2017,201701,2018,1,201709,2017,2017,0,31.5,34.5,33,1328361,1362341,1385340,764,42.7666666666667,3.75575898295348,"Democrat",3.906
"Maine",2019,0,18,0,0,1,2017,2017,201701,2018,1,201709,2017,2017,0,31.5,34.5,33,1328361,1362341,1385340,764,42.7666666666667,3.75575898295348,"Democrat",3.906
"Maine",2020,0,18,0,0,1,2017,2017,201701,2018,1,201709,2017,2017,0,31.5,34.5,33,1328361,1362341,1385340,764,42.7666666666667,3.75575898295348,"Democrat",3.906
"Maine",2021,12,18,2.56494935746154,0,1,2017,2017,201701,2018,1,201709,2017,2017,0,31.5,34.5,33,1328361,1362341,1385340,764,42.7666666666667,3.75575898295348,"Democrat",3.906
"Maine",2022,21,18,3.09104245335832,0,1,2017,2017,201701,2018,1,201709,2017,2017,0,31.5,34.5,33,1328361,1362341,1385340,764,42.7666666666667,3.75575898295348,"Democrat",3.906
"Maryland",2015,14,19,2.70805020110221,0,1,2017,2017,201705,2019,1,201807,2017,2017,0,39.9,41,40.45,5773552,6177213,6164660,736.7,56.4666666666667,4.03365049354984,"Democrat",4.52
"Maryland",2016,60,19,4.11087386417331,0,1,2017,2017,201705,2019,1,201807,2017,2017,0,39.9,41,40.45,5773552,6177213,6164660,736.7,56.4666666666667,4.03365049354984,"Democrat",4.52
"Maryland",2017,74,19,4.31748811353631,0,1,2017,2017,201705,2019,1,201807,2017,2017,0,39.9,41,40.45,5773552,6177213,6164660,736.7,56.4666666666667,4.03365049354984,"Democrat",4.52
"Maryland",2018,155,19,5.04985600724954,0,1,2017,2017,201705,2019,1,201807,2017,2017,0,39.9,41,40.45,5773552,6177213,6164660,736.7,56.4666666666667,4.03365049354984,"Democrat",4.52
"Maryland",2019,142,19,4.96284463025991,0,1,2017,2017,201705,2019,1,201807,2017,2017,0,39.9,41,40.45,5773552,6177213,6164660,736.7,56.4666666666667,4.03365049354984,"Democrat",4.52
"Maryland",2020,172,19,5.15329159449778,0,1,2017,2017,201705,2019,1,201807,2017,2017,0,39.9,41,40.45,5773552,6177213,6164660,736.7,56.4666666666667,4.03365049354984,"Democrat",4.52
"Maryland",2021,224,19,5.41610040220442,0,1,2017,2017,201705,2019,1,201807,2017,2017,0,39.9,41,40.45,5773552,6177213,6164660,736.7,56.4666666666667,4.03365049354984,"Democrat",4.52
"Maryland",2022,262,19,5.57215403217776,0,1,2017,2017,201705,2019,1,201807,2017,2017,0,39.9,41,40.45,5773552,6177213,6164660,736.7,56.4666666666667,4.03365049354984,"Democrat",4.52
"Massachusetts",2015,0,20,0,1,1,2016,2016,201603,2016,1,201603,2016,2016,1,43.3,47.9,45.6,6547629,7029949,6981974,686.4,49.9666666666667,3.91135611644044,"Democrat",2.956
"Massachusetts",2016,27,20,3.3322045101752,1,1,2016,2016,201603,2016,1,201603,2016,2016,1,43.3,47.9,45.6,6547629,7029949,6981974,686.4,49.9666666666667,3.91135611644044,"Democrat",2.956
"Massachusetts",2017,78,20,4.36944785246702,1,1,2016,2016,201603,2016,1,201603,2016,2016,1,43.3,47.9,45.6,6547629,7029949,6981974,686.4,49.9666666666667,3.91135611644044,"Democrat",2.956
"Massachusetts",2018,60,20,4.11087386417331,1,1,2016,2016,201603,2016,1,201603,2016,2016,1,43.3,47.9,45.6,6547629,7029949,6981974,686.4,49.9666666666667,3.91135611644044,"Democrat",2.956
"Massachusetts",2019,67,20,4.21950770517611,1,1,2016,2016,201603,2016,1,201603,2016,2016,1,43.3,47.9,45.6,6547629,7029949,6981974,686.4,49.9666666666667,3.91135611644044,"Democrat",2.956
"Massachusetts",2020,104,20,4.65396035015752,1,1,2016,2016,201603,2016,1,201603,2016,2016,1,43.3,47.9,45.6,6547629,7029949,6981974,686.4,49.9666666666667,3.91135611644044,"Democrat",2.956
"Massachusetts",2021,143,20,4.969813299576,1,1,2016,2016,201603,2016,1,201603,2016,2016,1,43.3,47.9,45.6,6547629,7029949,6981974,686.4,49.9666666666667,3.91135611644044,"Democrat",2.956
"Massachusetts",2022,193,20,5.26785815906333,1,1,2016,2016,201603,2016,1,201603,2016,2016,1,43.3,47.9,45.6,6547629,7029949,6981974,686.4,49.9666666666667,3.91135611644044,"Democrat",2.956
"Michigan",2015,51,21,3.95124371858143,0,1,2018,2019,201807,0,0,0,2018,2019,0,28.8,33.3,31.05,9883640,10077325,10034113,808.2,46.0222222222222,3.82912437162526,"Swing State",5.021
"Michigan",2016,69,21,4.24849524204936,0,1,2018,2019,201807,0,0,0,2018,2019,0,28.8,33.3,31.05,9883640,10077325,10034113,808.2,46.0222222222222,3.82912437162526,"Swing State",5.021
"Michigan",2017,116,21,4.76217393479776,0,1,2018,2019,201807,0,0,0,2018,2019,0,28.8,33.3,31.05,9883640,10077325,10034113,808.2,46.0222222222222,3.82912437162526,"Swing State",5.021
"Michigan",2018,163,21,5.0998664278242,0,1,2018,2019,201807,0,0,0,2018,2019,0,28.8,33.3,31.05,9883640,10077325,10034113,808.2,46.0222222222222,3.82912437162526,"Swing State",5.021
"Michigan",2019,172,21,5.15329159449778,0,1,2018,2019,201807,0,0,0,2018,2019,0,28.8,33.3,31.05,9883640,10077325,10034113,808.2,46.0222222222222,3.82912437162526,"Swing State",5.021
"Michigan",2020,194,21,5.27299955856375,0,1,2018,2019,201807,0,0,0,2018,2019,0,28.8,33.3,31.05,9883640,10077325,10034113,808.2,46.0222222222222,3.82912437162526,"Swing State",5.021
"Michigan",2021,266,21,5.58724865840025,0,1,2018,2019,201807,0,0,0,2018,2019,0,28.8,33.3,31.05,9883640,10077325,10034113,808.2,46.0222222222222,3.82912437162526,"Swing State",5.021
"Michigan",2022,277,21,5.62762111369064,0,1,2018,2019,201807,0,0,0,2018,2019,0,28.8,33.3,31.05,9883640,10077325,10034113,808.2,46.0222222222222,3.82912437162526,"Swing State",5.021
"Minnesota",2015,0,22,0,0,1,2017,2017,201707,0,0,0,2017,2017,1,28.9,32.5,30.7,5303925,5706504,5717184,669.8,42.3444444444444,3.7458372305436,"Swing State",3.662
"Minnesota",2016,0,22,0,0,1,2017,2017,201707,0,0,0,2017,2017,1,28.9,32.5,30.7,5303925,5706504,5717184,669.8,42.3444444444444,3.7458372305436,"Swing State",3.662
"Minnesota",2017,0,22,0,0,1,2017,2017,201707,0,0,0,2017,2017,1,28.9,32.5,30.7,5303925,5706504,5717184,669.8,42.3444444444444,3.7458372305436,"Swing State",3.662
"Minnesota",2018,0,22,0,0,1,2017,2017,201707,0,0,0,2017,2017,1,28.9,32.5,30.7,5303925,5706504,5717184,669.8,42.3444444444444,3.7458372305436,"Swing State",3.662
"Minnesota",2019,0,22,0,0,1,2017,2017,201707,0,0,0,2017,2017,1,28.9,32.5,30.7,5303925,5706504,5717184,669.8,42.3444444444444,3.7458372305436,"Swing State",3.662
"Minnesota",2020,24,22,3.2188758248682,0,1,2017,2017,201707,0,0,0,2017,2017,1,28.9,32.5,30.7,5303925,5706504,5717184,669.8,42.3444444444444,3.7458372305436,"Swing State",3.662
"Minnesota",2021,35,22,3.58351893845611,0,1,2017,2017,201707,0,0,0,2017,2017,1,28.9,32.5,30.7,5303925,5706504,5717184,669.8,42.3444444444444,3.7458372305436,"Swing State",3.662
"Minnesota",2022,47,22,3.87120101090789,0,1,2017,2017,201707,0,0,0,2017,2017,1,28.9,32.5,30.7,5303925,5706504,5717184,669.8,42.3444444444444,3.7458372305436,"Swing State",3.662
"Mississippi",2015,0,23,0,0,1,2018,2019,201810,2020,1,201908,2018,2019,1,18.2,20.6,19.4,2967297,2961288,2940057,985.6,65.4,4.18052225846315,"Republican",4.613
"Mississippi",2016,0,23,0,0,1,2018,2019,201810,2020,1,201908,2018,2019,1,18.2,20.6,19.4,2967297,2961288,2940057,985.6,65.4,4.18052225846315,"Republican",4.613
"Mississippi",2017,0,23,0,0,1,2018,2019,201810,2020,1,201908,2018,2019,1,18.2,20.6,19.4,2967297,2961288,2940057,985.6,65.4,4.18052225846315,"Republican",4.613
"Mississippi",2018,0,23,0,0,1,2018,2019,201810,2020,1,201908,2018,2019,1,18.2,20.6,19.4,2967297,2961288,2940057,985.6,65.4,4.18052225846315,"Republican",4.613
"Mississippi",2019,11,23,2.484906649788,0,1,2018,2019,201810,2020,1,201908,2018,2019,1,18.2,20.6,19.4,2967297,2961288,2940057,985.6,65.4,4.18052225846315,"Republican",4.613
"Mississippi",2020,0,23,0,0,1,2018,2019,201810,2020,1,201908,2018,2019,1,18.2,20.6,19.4,2967297,2961288,2940057,985.6,65.4,4.18052225846315,"Republican",4.613
"Mississippi",2021,22,23,3.13549421592915,0,1,2018,2019,201810,2020,1,201908,2018,2019,1,18.2,20.6,19.4,2967297,2961288,2940057,985.6,65.4,4.18052225846315,"Republican",4.613
"Mississippi",2022,13,23,2.63905732961526,0,1,2018,2019,201810,2020,1,201908,2018,2019,1,18.2,20.6,19.4,2967297,2961288,2940057,985.6,65.4,4.18052225846315,"Republican",4.613
"Missouri",2015,10,24,2.39789527279837,1,1,2018,2019,201808,0,0,0,2018,2019,0,26.1,29.8,27.95,5988927,6154920,6177957,837.6,56.1222222222222,4.02753185213779,"Republican",4.049
"Missouri",2016,11,24,2.484906649788,1,1,2018,2019,201808,0,0,0,2018,2019,0,26.1,29.8,27.95,5988927,6154920,6177957,837.6,56.1222222222222,4.02753185213779,"Republican",4.049
"Missouri",2017,29,24,3.40119738166216,1,1,2018,2019,201808,0,0,0,2018,2019,0,26.1,29.8,27.95,5988927,6154920,6177957,837.6,56.1222222222222,4.02753185213779,"Republican",4.049
"Missouri",2018,51,24,3.95124371858143,1,1,2018,2019,201808,0,0,0,2018,2019,0,26.1,29.8,27.95,5988927,6154920,6177957,837.6,56.1222222222222,4.02753185213779,"Republican",4.049
"Missouri",2019,63,24,4.15888308335967,1,1,2018,2019,201808,0,0,0,2018,2019,0,26.1,29.8,27.95,5988927,6154920,6177957,837.6,56.1222222222222,4.02753185213779,"Republican",4.049
"Missouri",2020,71,24,4.27666611901606,1,1,2018,2019,201808,0,0,0,2018,2019,0,26.1,29.8,27.95,5988927,6154920,6177957,837.6,56.1222222222222,4.02753185213779,"Republican",4.049
"Missouri",2021,93,24,4.54329478227,1,1,2018,2019,201808,0,0,0,2018,2019,0,26.1,29.8,27.95,5988927,6154920,6177957,837.6,56.1222222222222,4.02753185213779,"Republican",4.049
"Missouri",2022,113,24,4.7361984483945,1,1,2018,2019,201808,0,0,0,2018,2019,0,26.1,29.8,27.95,5988927,6154920,6177957,837.6,56.1222222222222,4.02753185213779,"Republican",4.049
"Nevada",2015,25,25,3.25809653802148,0,1,2018,2018,201801,2017,1,201705,2017,2017,1,19.8,21.8,20.8,2700551,3104624,3177772,777.7,51.7111111111111,3.94567267353197,"Swing State",5.976
"Nevada",2016,18,25,2.94443897916644,0,1,2018,2018,201801,2017,1,201705,2017,2017,1,19.8,21.8,20.8,2700551,3104624,3177772,777.7,51.7111111111111,3.94567267353197,"Swing State",5.976
"Nevada",2017,29,25,3.40119738166216,0,1,2018,2018,201801,2017,1,201705,2017,2017,1,19.8,21.8,20.8,2700551,3104624,3177772,777.7,51.7111111111111,3.94567267353197,"Swing State",5.976
"Nevada",2018,35,25,3.58351893845611,0,1,2018,2018,201801,2017,1,201705,2017,2017,1,19.8,21.8,20.8,2700551,3104624,3177772,777.7,51.7111111111111,3.94567267353197,"Swing State",5.976
"Nevada",2019,24,25,3.2188758248682,0,1,2018,2018,201801,2017,1,201705,2017,2017,1,19.8,21.8,20.8,2700551,3104624,3177772,777.7,51.7111111111111,3.94567267353197,"Swing State",5.976
"Nevada",2020,35,25,3.58351893845611,0,1,2018,2018,201801,2017,1,201705,2017,2017,1,19.8,21.8,20.8,2700551,3104624,3177772,777.7,51.7111111111111,3.94567267353197,"Swing State",5.976
"Nevada",2021,58,25,4.07753744390572,0,1,2018,2018,201801,2017,1,201705,2017,2017,1,19.8,21.8,20.8,2700551,3104624,3177772,777.7,51.7111111111111,3.94567267353197,"Swing State",5.976
"Nevada",2022,61,25,4.12713438504509,0,1,2018,2018,201801,2017,1,201705,2017,2017,1,19.8,21.8,20.8,2700551,3104624,3177772,777.7,51.7111111111111,3.94567267353197,"Swing State",5.976
"New Hampshire",2015,0,26,0,0,1,2017,2017,201701,2016,1,201606,2016,2016,1,29.2,33.2,31.2,1316470,1377518,1395231,719.1,45.1222222222222,3.80937485735603,"Democrat",3.216
"New Hampshire",2016,0,26,0,0,1,2017,2017,201701,2016,1,201606,2016,2016,1,29.2,33.2,31.2,1316470,1377518,1395231,719.1,45.1222222222222,3.80937485735603,"Democrat",3.216
"New Hampshire",2017,0,26,0,0,1,2017,2017,201701,2016,1,201606,2016,2016,1,29.2,33.2,31.2,1316470,1377518,1395231,719.1,45.1222222222222,3.80937485735603,"Democrat",3.216
"New Hampshire",2018,0,26,0,0,1,2017,2017,201701,2016,1,201606,2016,2016,1,29.2,33.2,31.2,1316470,1377518,1395231,719.1,45.1222222222222,3.80937485735603,"Democrat",3.216
"New Hampshire",2019,0,26,0,0,1,2017,2017,201701,2016,1,201606,2016,2016,1,29.2,33.2,31.2,1316470,1377518,1395231,719.1,45.1222222222222,3.80937485735603,"Democrat",3.216
"New Hampshire",2020,0,26,0,0,1,2017,2017,201701,2016,1,201606,2016,2016,1,29.2,33.2,31.2,1316470,1377518,1395231,719.1,45.1222222222222,3.80937485735603,"Democrat",3.216
"New Hampshire",2021,0,26,0,0,1,2017,2017,201701,2016,1,201606,2016,2016,1,29.2,33.2,31.2,1316470,1377518,1395231,719.1,45.1222222222222,3.80937485735603,"Democrat",3.216
"New Hampshire",2022,16,26,2.83321334405622,0,1,2017,2017,201701,2016,1,201606,2016,2016,1,29.2,33.2,31.2,1316470,1377518,1395231,719.1,45.1222222222222,3.80937485735603,"Democrat",3.216
"New Jersey",2015,0,27,0,0,1,2017,2017,201705,0,0,0,2017,2017,1,32.5,34.6,33.55,8791894,9289031,9261699,700.3,54.7222222222222,4.00226988327592,"Democrat",3.231
"New Jersey",2016,20,27,3.04452243772342,0,1,2017,2017,201705,0,0,0,2017,2017,1,32.5,34.6,33.55,8791894,9289031,9261699,700.3,54.7222222222222,4.00226988327592,"Democrat",3.231
"New Jersey",2017,85,27,4.45434729625351,0,1,2017,2017,201705,0,0,0,2017,2017,1,32.5,34.6,33.55,8791894,9289031,9261699,700.3,54.7222222222222,4.00226988327592,"Democrat",3.231
"New Jersey",2018,118,27,4.77912349311153,0,1,2017,2017,201705,0,0,0,2017,2017,1,32.5,34.6,33.55,8791894,9289031,9261699,700.3,54.7222222222222,4.00226988327592,"Democrat",3.231
"New Jersey",2019,157,27,5.06259503302697,0,1,2017,2017,201705,0,0,0,2017,2017,1,32.5,34.6,33.55,8791894,9289031,9261699,700.3,54.7222222222222,4.00226988327592,"Democrat",3.231
"New Jersey",2020,195,27,5.27811465923052,0,1,2017,2017,201705,0,0,0,2017,2017,1,32.5,34.6,33.55,8791894,9289031,9261699,700.3,54.7222222222222,4.00226988327592,"Democrat",3.231
"New Jersey",2021,215,27,5.37527840768417,0,1,2017,2017,201705,0,0,0,2017,2017,1,32.5,34.6,33.55,8791894,9289031,9261699,700.3,54.7222222222222,4.00226988327592,"Democrat",3.231
"New Jersey",2022,250,27,5.52545293913178,0,1,2017,2017,201705,0,0,0,2017,2017,1,32.5,34.6,33.55,8791894,9289031,9261699,700.3,54.7222222222222,4.00226988327592,"Democrat",3.231
"New Mexico",2015,10,28,2.39789527279837,0,0,0,0,0,0,0,0,0,0,1,24.1,25.9,25,2059179,2117527,2113344,788.6,55.3555555555556,4.01377702549186,"Democrat",4.764
"New Mexico",2016,13,28,2.63905732961526,0,0,0,0,0,0,0,0,0,0,1,24.1,25.9,25,2059179,2117527,2113344,788.6,55.3555555555556,4.01377702549186,"Democrat",4.764
"New Mexico",2017,15,28,2.77258872223978,0,0,0,0,0,0,0,0,0,0,1,24.1,25.9,25,2059179,2117527,2113344,788.6,55.3555555555556,4.01377702549186,"Democrat",4.764
"New Mexico",2018,11,28,2.484906649788,0,0,0,0,0,0,0,0,0,0,1,24.1,25.9,25,2059179,2117527,2113344,788.6,55.3555555555556,4.01377702549186,"Democrat",4.764
"New Mexico",2019,13,28,2.63905732961526,0,0,0,0,0,0,0,0,0,0,1,24.1,25.9,25,2059179,2117527,2113344,788.6,55.3555555555556,4.01377702549186,"Democrat",4.764
"New Mexico",2020,22,28,3.13549421592915,0,0,0,0,0,0,0,0,0,0,1,24.1,25.9,25,2059179,2117527,2113344,788.6,55.3555555555556,4.01377702549186,"Democrat",4.764
"New Mexico",2021,40,28,3.71357206670431,0,0,0,0,0,0,0,0,0,0,1,24.1,25.9,25,2059179,2117527,2113344,788.6,55.3555555555556,4.01377702549186,"Democrat",4.764
"New Mexico",2022,55,28,4.02535169073515,0,0,0,0,0,0,0,0,0,0,1,24.1,25.9,25,2059179,2117527,2113344,788.6,55.3555555555556,4.01377702549186,"Democrat",4.764
"New York",2015,80,29,4.39444915467244,0,1,2016,2017,201607,0,0,0,2016,2017,1,37.3,39.9,38.6,19378102,20201230,19677151,659.1,46.8888888888889,3.84778073669979,"Democrat",2.136
"New York",2016,162,29,5.09375020080676,0,1,2016,2017,201607,0,0,0,2016,2017,1,37.3,39.9,38.6,19378102,20201230,19677151,659.1,46.8888888888889,3.84778073669979,"Democrat",2.136
"New York",2017,239,29,5.48063892334199,0,1,2016,2017,201607,0,0,0,2016,2017,1,37.3,39.9,38.6,19378102,20201230,19677151,659.1,46.8888888888889,3.84778073669979,"Democrat",2.136
"New York",2018,252,29,5.53338948872752,0,1,2016,2017,201607,0,0,0,2016,2017,1,37.3,39.9,38.6,19378102,20201230,19677151,659.1,46.8888888888889,3.84778073669979,"Democrat",2.136
"New York",2019,313,29,5.74939298590825,0,1,2016,2017,201607,0,0,0,2016,2017,1,37.3,39.9,38.6,19378102,20201230,19677151,659.1,46.8888888888889,3.84778073669979,"Democrat",2.136
"New York",2020,437,29,6.08221891037645,0,1,2016,2017,201607,0,0,0,2016,2017,1,37.3,39.9,38.6,19378102,20201230,19677151,659.1,46.8888888888889,3.84778073669979,"Democrat",2.136
"New York",2021,571,29,6.3491389913798,0,1,2016,2017,201607,0,0,0,2016,2017,1,37.3,39.9,38.6,19378102,20201230,19677151,659.1,46.8888888888889,3.84778073669979,"Democrat",2.136
"New York",2022,820,29,6.71052310945243,0,1,2016,2017,201607,0,0,0,2016,2017,1,37.3,39.9,38.6,19378102,20201230,19677151,659.1,46.8888888888889,3.84778073669979,"Democrat",2.136
"North Carolina",2015,29,30,3.40119738166216,0,1,2018,2018,201801,2018,1,201708,2017,2018,1,25,27.5,26.25,9535483,10439414,10698973,793.8,60.6222222222222,4.10466152919303,"Swing State",4.507
"North Carolina",2016,32,30,3.49650756146648,0,1,2018,2018,201801,2018,1,201708,2017,2018,1,25,27.5,26.25,9535483,10439414,10698973,793.8,60.6222222222222,4.10466152919303,"Swing State",4.507
"North Carolina",2017,42,30,3.76120011569356,0,1,2018,2018,201801,2018,1,201708,2017,2018,1,25,27.5,26.25,9535483,10439414,10698973,793.8,60.6222222222222,4.10466152919303,"Swing State",4.507
"North Carolina",2018,46,30,3.85014760171006,0,1,2018,2018,201801,2018,1,201708,2017,2018,1,25,27.5,26.25,9535483,10439414,10698973,793.8,60.6222222222222,4.10466152919303,"Swing State",4.507
"North Carolina",2019,69,30,4.24849524204936,0,1,2018,2018,201801,2018,1,201708,2017,2018,1,25,27.5,26.25,9535483,10439414,10698973,793.8,60.6222222222222,4.10466152919303,"Swing State",4.507
"North Carolina",2020,118,30,4.77912349311153,0,1,2018,2018,201801,2018,1,201708,2017,2018,1,25,27.5,26.25,9535483,10439414,10698973,793.8,60.6222222222222,4.10466152919303,"Swing State",4.507
"North Carolina",2021,123,30,4.82028156560504,0,1,2018,2018,201801,2018,1,201708,2017,2018,1,25,27.5,26.25,9535483,10439414,10698973,793.8,60.6222222222222,4.10466152919303,"Swing State",4.507
"North Carolina",2022,173,30,5.15905529921453,0,1,2018,2018,201801,2018,1,201708,2017,2018,1,25,27.5,26.25,9535483,10439414,10698973,793.8,60.6222222222222,4.10466152919303,"Swing State",4.507
"Ohio",2015,65,31,4.18965474202643,0,1,2017,2018,201708,0,0,0,2017,2018,1,28.3,31.9,30.1,11536504,11799374,11756058,860.7,52.7111111111111,3.9648262703473,"Swing State",3.566
"Ohio",2016,117,31,4.77068462446567,0,1,2017,2018,201708,0,0,0,2017,2018,1,28.3,31.9,30.1,11536504,11799374,11756058,860.7,52.7111111111111,3.9648262703473,"Swing State",3.566
"Ohio",2017,143,31,4.969813299576,0,1,2017,2018,201708,0,0,0,2017,2018,1,28.3,31.9,30.1,11536504,11799374,11756058,860.7,52.7111111111111,3.9648262703473,"Swing State",3.566
"Ohio",2018,162,31,5.09375020080676,0,1,2017,2018,201708,0,0,0,2017,2018,1,28.3,31.9,30.1,11536504,11799374,11756058,860.7,52.7111111111111,3.9648262703473,"Swing State",3.566
"Ohio",2019,173,31,5.15905529921453,0,1,2017,2018,201708,0,0,0,2017,2018,1,28.3,31.9,30.1,11536504,11799374,11756058,860.7,52.7111111111111,3.9648262703473,"Swing State",3.566
"Ohio",2020,219,31,5.39362754635236,0,1,2017,2018,201708,0,0,0,2017,2018,1,28.3,31.9,30.1,11536504,11799374,11756058,860.7,52.7111111111111,3.9648262703473,"Swing State",3.566
"Ohio",2021,252,31,5.53338948872752,0,1,2017,2018,201708,0,0,0,2017,2018,1,28.3,31.9,30.1,11536504,11799374,11756058,860.7,52.7111111111111,3.9648262703473,"Swing State",3.566
"Ohio",2022,340,31,5.83188247728352,0,1,2017,2018,201708,0,0,0,2017,2018,1,28.3,31.9,30.1,11536504,11799374,11756058,860.7,52.7111111111111,3.9648262703473,"Swing State",3.566
"Oklahoma",2015,10,32,2.39789527279837,0,1,2018,2019,201811,0,0,0,2018,2019,1,21,22.6,21.8,3751351,3959346,4019800,915.9,61.0222222222222,4.1112380965576,"Republican",5.623
"Oklahoma",2016,22,32,3.13549421592915,0,1,2018,2019,201811,0,0,0,2018,2019,1,21,22.6,21.8,3751351,3959346,4019800,915.9,61.0222222222222,4.1112380965576,"Republican",5.623
"Oklahoma",2017,10,32,2.39789527279837,0,1,2018,2019,201811,0,0,0,2018,2019,1,21,22.6,21.8,3751351,3959346,4019800,915.9,61.0222222222222,4.1112380965576,"Republican",5.623
"Oklahoma",2018,12,32,2.56494935746154,0,1,2018,2019,201811,0,0,0,2018,2019,1,21,22.6,21.8,3751351,3959346,4019800,915.9,61.0222222222222,4.1112380965576,"Republican",5.623
"Oklahoma",2019,10,32,2.39789527279837,0,1,2018,2019,201811,0,0,0,2018,2019,1,21,22.6,21.8,3751351,3959346,4019800,915.9,61.0222222222222,4.1112380965576,"Republican",5.623
"Oklahoma",2020,0,32,0,0,1,2018,2019,201811,0,0,0,2018,2019,1,21,22.6,21.8,3751351,3959346,4019800,915.9,61.0222222222222,4.1112380965576,"Republican",5.623
"Oklahoma",2021,24,32,3.2188758248682,0,1,2018,2019,201811,0,0,0,2018,2019,1,21,22.6,21.8,3751351,3959346,4019800,915.9,61.0222222222222,4.1112380965576,"Republican",5.623
"Oklahoma",2022,38,32,3.66356164612965,0,1,2018,2019,201811,0,0,0,2018,2019,1,21,22.6,21.8,3751351,3959346,4019800,915.9,61.0222222222222,4.1112380965576,"Republican",5.623
"Oregon",2015,12,33,2.56494935746154,0,0,0,0,0,2019,1,201906,2019,2019,0,28,31.6,29.8,3831074,4237291,4240137,713.9,48.5666666666667,3.88293742453305,"Democrat",5.355
"Oregon",2016,16,33,2.83321334405622,0,0,0,0,0,2019,1,201906,2019,2019,0,28,31.6,29.8,3831074,4237291,4240137,713.9,48.5666666666667,3.88293742453305,"Democrat",5.355
"Oregon",2017,10,33,2.39789527279837,0,0,0,0,0,2019,1,201906,2019,2019,0,28,31.6,29.8,3831074,4237291,4240137,713.9,48.5666666666667,3.88293742453305,"Democrat",5.355
"Oregon",2018,10,33,2.39789527279837,0,0,0,0,0,2019,1,201906,2019,2019,0,28,31.6,29.8,3831074,4237291,4240137,713.9,48.5666666666667,3.88293742453305,"Democrat",5.355
"Oregon",2019,15,33,2.77258872223978,0,0,0,0,0,2019,1,201906,2019,2019,0,28,31.6,29.8,3831074,4237291,4240137,713.9,48.5666666666667,3.88293742453305,"Democrat",5.355
"Oregon",2020,16,33,2.83321334405622,0,0,0,0,0,2019,1,201906,2019,2019,0,28,31.6,29.8,3831074,4237291,4240137,713.9,48.5666666666667,3.88293742453305,"Democrat",5.355
"Oregon",2021,62,33,4.14313472639153,0,0,0,0,0,2019,1,201906,2019,2019,0,28,31.6,29.8,3831074,4237291,4240137,713.9,48.5666666666667,3.88293742453305,"Democrat",5.355
"Oregon",2022,73,33,4.30406509320417,0,0,0,0,0,2019,1,201906,2019,2019,0,28,31.6,29.8,3831074,4237291,4240137,713.9,48.5666666666667,3.88293742453305,"Democrat",5.355
"Pennsylvania",2015,15,34,2.77258872223978,0,1,2017,2017,201701,0,0,0,2017,2017,1,32.7,35.7,34.2,12702379,13002689,12972008,783.3,50.4666666666667,3.92131305233524,"Swing State",3.129
"Pennsylvania",2016,37,34,3.63758615972639,0,1,2017,2017,201701,0,0,0,2017,2017,1,32.7,35.7,34.2,12702379,13002689,12972008,783.3,50.4666666666667,3.92131305233524,"Swing State",3.129
"Pennsylvania",2017,61,34,4.12713438504509,0,1,2017,2017,201701,0,0,0,2017,2017,1,32.7,35.7,34.2,12702379,13002689,12972008,783.3,50.4666666666667,3.92131305233524,"Swing State",3.129
"Pennsylvania",2018,126,34,4.84418708645859,0,1,2017,2017,201701,0,0,0,2017,2017,1,32.7,35.7,34.2,12702379,13002689,12972008,783.3,50.4666666666667,3.92131305233524,"Swing State",3.129
"Pennsylvania",2019,162,34,5.09375020080676,0,1,2017,2017,201701,0,0,0,2017,2017,1,32.7,35.7,34.2,12702379,13002689,12972008,783.3,50.4666666666667,3.92131305233524,"Swing State",3.129
"Pennsylvania",2020,228,34,5.43372200355424,0,1,2017,2017,201701,0,0,0,2017,2017,1,32.7,35.7,34.2,12702379,13002689,12972008,783.3,50.4666666666667,3.92131305233524,"Swing State",3.129
"Pennsylvania",2021,295,34,5.69035945432406,0,1,2017,2017,201701,0,0,0,2017,2017,1,32.7,35.7,34.2,12702379,13002689,12972008,783.3,50.4666666666667,3.92131305233524,"Swing State",3.129
"Pennsylvania",2022,296,34,5.6937321388027,0,1,2017,2017,201701,0,0,0,2017,2017,1,32.7,35.7,34.2,12702379,13002689,12972008,783.3,50.4666666666667,3.92131305233524,"Swing State",3.129
"Rhode Island",2015,0,35,0,0,1,2017,2017,201703,0,0,0,2017,2017,1,37,42.9,39.95,1052567,1097371,1093734,724.3,51.8333333333333,3.94803344295118,"Democrat",2.961
"Rhode Island",2016,0,35,0,0,1,2017,2017,201703,0,0,0,2017,2017,1,37,42.9,39.95,1052567,1097371,1093734,724.3,51.8333333333333,3.94803344295118,"Democrat",2.961
"Rhode Island",2017,0,35,0,0,1,2017,2017,201703,0,0,0,2017,2017,1,37,42.9,39.95,1052567,1097371,1093734,724.3,51.8333333333333,3.94803344295118,"Democrat",2.961
"Rhode Island",2018,0,35,0,0,1,2017,2017,201703,0,0,0,2017,2017,1,37,42.9,39.95,1052567,1097371,1093734,724.3,51.8333333333333,3.94803344295118,"Democrat",2.961
"Rhode Island",2019,0,35,0,0,1,2017,2017,201703,0,0,0,2017,2017,1,37,42.9,39.95,1052567,1097371,1093734,724.3,51.8333333333333,3.94803344295118,"Democrat",2.961
"Rhode Island",2020,0,35,0,0,1,2017,2017,201703,0,0,0,2017,2017,1,37,42.9,39.95,1052567,1097371,1093734,724.3,51.8333333333333,3.94803344295118,"Democrat",2.961
"Rhode Island",2021,26,35,3.29583686600433,0,1,2017,2017,201703,0,0,0,2017,2017,1,37,42.9,39.95,1052567,1097371,1093734,724.3,51.8333333333333,3.94803344295118,"Democrat",2.961
"Rhode Island",2022,24,35,3.2188758248682,0,1,2017,2017,201703,0,0,0,2017,2017,1,37,42.9,39.95,1052567,1097371,1093734,724.3,51.8333333333333,3.94803344295118,"Democrat",2.961
"South Carolina",2015,20,36,3.04452243772342,1,1,2018,2018,201805,2018,1,201805,2018,2018,0,22.8,24.7,23.75,4625364,5118429,5282634,846.1,64.4555555555556,4.1659759251358,"Republican",3.879
"South Carolina",2016,21,36,3.09104245335832,1,1,2018,2018,201805,2018,1,201805,2018,2018,0,22.8,24.7,23.75,4625364,5118429,5282634,846.1,64.4555555555556,4.1659759251358,"Republican",3.879
"South Carolina",2017,13,36,2.63905732961526,1,1,2018,2018,201805,2018,1,201805,2018,2018,0,22.8,24.7,23.75,4625364,5118429,5282634,846.1,64.4555555555556,4.1659759251358,"Republican",3.879
"South Carolina",2018,29,36,3.40119738166216,1,1,2018,2018,201805,2018,1,201805,2018,2018,0,22.8,24.7,23.75,4625364,5118429,5282634,846.1,64.4555555555556,4.1659759251358,"Republican",3.879
"South Carolina",2019,43,36,3.78418963391826,1,1,2018,2018,201805,2018,1,201805,2018,2018,0,22.8,24.7,23.75,4625364,5118429,5282634,846.1,64.4555555555556,4.1659759251358,"Republican",3.879
"South Carolina",2020,66,36,4.20469261939097,1,1,2018,2018,201805,2018,1,201805,2018,2018,0,22.8,24.7,23.75,4625364,5118429,5282634,846.1,64.4555555555556,4.1659759251358,"Republican",3.879
"South Carolina",2021,100,36,4.61512051684126,1,1,2018,2018,201805,2018,1,201805,2018,2018,0,22.8,24.7,23.75,4625364,5118429,5282634,846.1,64.4555555555556,4.1659759251358,"Republican",3.879
"South Carolina",2022,134,36,4.90527477843843,1,1,2018,2018,201805,2018,1,201805,2018,2018,0,22.8,24.7,23.75,4625364,5118429,5282634,846.1,64.4555555555556,4.1659759251358,"Republican",3.879
"Tennessee",2015,22,37,3.13549421592915,1,1,2018,2019,201807,2019,1,201902,2018,2019,1,26.2,27.7,26.95,6346105,6910786,7051339,916.2,59.4333333333333,4.08485523620099,"Republican",4.888
"Tennessee",2016,50,37,3.93182563272433,1,1,2018,2019,201807,2019,1,201902,2018,2019,1,26.2,27.7,26.95,6346105,6910786,7051339,916.2,59.4333333333333,4.08485523620099,"Republican",4.888
"Tennessee",2017,46,37,3.85014760171006,1,1,2018,2019,201807,2019,1,201902,2018,2019,1,26.2,27.7,26.95,6346105,6910786,7051339,916.2,59.4333333333333,4.08485523620099,"Republican",4.888
"Tennessee",2018,53,37,3.98898404656427,1,1,2018,2019,201807,2019,1,201902,2018,2019,1,26.2,27.7,26.95,6346105,6910786,7051339,916.2,59.4333333333333,4.08485523620099,"Republican",4.888
"Tennessee",2019,71,37,4.27666611901606,1,1,2018,2019,201807,2019,1,201902,2018,2019,1,26.2,27.7,26.95,6346105,6910786,7051339,916.2,59.4333333333333,4.08485523620099,"Republican",4.888
"Tennessee",2020,91,37,4.52178857704904,1,1,2018,2019,201807,2019,1,201902,2018,2019,1,26.2,27.7,26.95,6346105,6910786,7051339,916.2,59.4333333333333,4.08485523620099,"Republican",4.888
"Tennessee",2021,104,37,4.65396035015752,1,1,2018,2019,201807,2019,1,201902,2018,2019,1,26.2,27.7,26.95,6346105,6910786,7051339,916.2,59.4333333333333,4.08485523620099,"Republican",4.888
"Tennessee",2022,156,37,5.05624580534831,1,1,2018,2019,201807,2019,1,201902,2018,2019,1,26.2,27.7,26.95,6346105,6910786,7051339,916.2,59.4333333333333,4.08485523620099,"Republican",4.888
"Texas",2015,74,38,4.31748811353631,0,1,2019,2020,201909,2018,1,201801,2018,2018,0,21.6,24.3,22.95,25145561,29145428,30029572,761.9,66.6444444444444,4.19937168897869,"Republican",2.877
"Texas",2016,100,38,4.61512051684126,0,1,2019,2020,201909,2018,1,201801,2018,2018,0,21.6,24.3,22.95,25145561,29145428,30029572,761.9,66.6444444444444,4.19937168897869,"Republican",2.877
"Texas",2017,115,38,4.75359019110636,0,1,2019,2020,201909,2018,1,201801,2018,2018,0,21.6,24.3,22.95,25145561,29145428,30029572,761.9,66.6444444444444,4.19937168897869,"Republican",2.877
"Texas",2018,133,38,4.89783979995091,0,1,2019,2020,201909,2018,1,201801,2018,2018,0,21.6,24.3,22.95,25145561,29145428,30029572,761.9,66.6444444444444,4.19937168897869,"Republican",2.877
"Texas",2019,168,38,5.12989871492307,0,1,2019,2020,201909,2018,1,201801,2018,2018,0,21.6,24.3,22.95,25145561,29145428,30029572,761.9,66.6444444444444,4.19937168897869,"Republican",2.877
"Texas",2020,176,38,5.17614973257383,0,1,2019,2020,201909,2018,1,201801,2018,2018,0,21.6,24.3,22.95,25145561,29145428,30029572,761.9,66.6444444444444,4.19937168897869,"Republican",2.877
"Texas",2021,252,38,5.53338948872752,0,1,2019,2020,201909,2018,1,201801,2018,2018,0,21.6,24.3,22.95,25145561,29145428,30029572,761.9,66.6444444444444,4.19937168897869,"Republican",2.877
"Texas",2022,311,38,5.74300318780948,0,1,2019,2020,201909,2018,1,201801,2018,2018,0,21.6,24.3,22.95,25145561,29145428,30029572,761.9,66.6444444444444,4.19937168897869,"Republican",2.877
"Utah",2015,14,39,2.70805020110221,0,1,2017,2017,201705,2020,1,201907,2017,2017,0,21,23.9,22.45,2763885,3271614,3380800,717,49.8888888888889,3.90979831040603,"Republican",5.257
"Utah",2016,0,39,0,0,1,2017,2017,201705,2020,1,201907,2017,2017,0,21,23.9,22.45,2763885,3271614,3380800,717,49.8888888888889,3.90979831040603,"Republican",5.257
"Utah",2017,14,39,2.70805020110221,0,1,2017,2017,201705,2020,1,201907,2017,2017,0,21,23.9,22.45,2763885,3271614,3380800,717,49.8888888888889,3.90979831040603,"Republican",5.257
"Utah",2018,17,39,2.89037175789616,0,1,2017,2017,201705,2020,1,201907,2017,2017,0,21,23.9,22.45,2763885,3271614,3380800,717,49.8888888888889,3.90979831040603,"Republican",5.257
"Utah",2019,18,39,2.94443897916644,0,1,2017,2017,201705,2020,1,201907,2017,2017,0,21,23.9,22.45,2763885,3271614,3380800,717,49.8888888888889,3.90979831040603,"Republican",5.257
"Utah",2020,18,39,2.94443897916644,0,1,2017,2017,201705,2020,1,201907,2017,2017,0,21,23.9,22.45,2763885,3271614,3380800,717,49.8888888888889,3.90979831040603,"Republican",5.257
"Utah",2021,19,39,2.99573227355399,0,1,2017,2017,201705,2020,1,201907,2017,2017,0,21,23.9,22.45,2763885,3271614,3380800,717,49.8888888888889,3.90979831040603,"Republican",5.257
"Utah",2022,17,39,2.89037175789616,0,1,2017,2017,201705,2020,1,201907,2017,2017,0,21,23.9,22.45,2763885,3271614,3380800,717,49.8888888888889,3.90979831040603,"Republican",5.257
"Virginia",2015,0,40,0,0,1,2017,2017,201703,0,0,0,2017,2017,1,27.4,29,28.2,8001024,8631384,8683619,729.3,57.0222222222222,4.04344105540526,"Democrat",8.74
"Virginia",2016,17,40,2.89037175789616,0,1,2017,2017,201703,0,0,0,2017,2017,1,27.4,29,28.2,8001024,8631384,8683619,729.3,57.0222222222222,4.04344105540526,"Democrat",8.74
"Virginia",2017,40,40,3.71357206670431,0,1,2017,2017,201703,0,0,0,2017,2017,1,27.4,29,28.2,8001024,8631384,8683619,729.3,57.0222222222222,4.04344105540526,"Democrat",8.74
"Virginia",2018,80,40,4.39444915467244,0,1,2017,2017,201703,0,0,0,2017,2017,1,27.4,29,28.2,8001024,8631384,8683619,729.3,57.0222222222222,4.04344105540526,"Democrat",8.74
"Virginia",2019,54,40,4.00733318523247,0,1,2017,2017,201703,0,0,0,2017,2017,1,27.4,29,28.2,8001024,8631384,8683619,729.3,57.0222222222222,4.04344105540526,"Democrat",8.74
"Virginia",2020,72,40,4.29045944114839,0,1,2017,2017,201703,0,0,0,2017,2017,1,27.4,29,28.2,8001024,8631384,8683619,729.3,57.0222222222222,4.04344105540526,"Democrat",8.74
"Virginia",2021,136,40,4.91998092582813,0,1,2017,2017,201703,0,0,0,2017,2017,1,27.4,29,28.2,8001024,8631384,8683619,729.3,57.0222222222222,4.04344105540526,"Democrat",8.74
"Virginia",2022,140,40,4.94875989037817,0,1,2017,2017,201703,0,0,0,2017,2017,1,27.4,29,28.2,8001024,8631384,8683619,729.3,57.0222222222222,4.04344105540526,"Democrat",8.74
"Washington",2015,52,41,3.97029191355212,0,1,2019,2019,201901,2020,1,201911,2019,2019,1,27,29.1,28.05,6724540,7705247,7785786,684.5,47.9888888888889,3.87096950263044,"Democrat",5.331
"Washington",2016,44,41,3.80666248977032,0,1,2019,2019,201901,2020,1,201911,2019,2019,1,27,29.1,28.05,6724540,7705247,7785786,684.5,47.9888888888889,3.87096950263044,"Democrat",5.331
"Washington",2017,51,41,3.95124371858143,0,1,2019,2019,201901,2020,1,201911,2019,2019,1,27,29.1,28.05,6724540,7705247,7785786,684.5,47.9888888888889,3.87096950263044,"Democrat",5.331
"Washington",2018,51,41,3.95124371858143,0,1,2019,2019,201901,2020,1,201911,2019,2019,1,27,29.1,28.05,6724540,7705247,7785786,684.5,47.9888888888889,3.87096950263044,"Democrat",5.331
"Washington",2019,76,41,4.34380542185368,0,1,2019,2019,201901,2020,1,201911,2019,2019,1,27,29.1,28.05,6724540,7705247,7785786,684.5,47.9888888888889,3.87096950263044,"Democrat",5.331
"Washington",2020,98,41,4.59511985013459,0,1,2019,2019,201901,2020,1,201911,2019,2019,1,27,29.1,28.05,6724540,7705247,7785786,684.5,47.9888888888889,3.87096950263044,"Democrat",5.331
"Washington",2021,140,41,4.94875989037817,0,1,2019,2019,201901,2020,1,201911,2019,2019,1,27,29.1,28.05,6724540,7705247,7785786,684.5,47.9888888888889,3.87096950263044,"Democrat",5.331
"Washington",2022,170,41,5.14166355650266,0,1,2019,2019,201901,2020,1,201911,2019,2019,1,27,29.1,28.05,6724540,7705247,7785786,684.5,47.9888888888889,3.87096950263044,"Democrat",5.331
"West Virginia",2015,11,42,2.484906649788,0,1,2018,2019,201807,0,0,0,2018,2019,1,25.8,28.4,27.1,1852994,1793755,1775156,966.4,53.6222222222222,3.98196357585471,"Republican",3.133
"West Virginia",2016,0,42,0,0,1,2018,2019,201807,0,0,0,2018,2019,1,25.8,28.4,27.1,1852994,1793755,1775156,966.4,53.6222222222222,3.98196357585471,"Republican",3.133
"West Virginia",2017,14,42,2.70805020110221,0,1,2018,2019,201807,0,0,0,2018,2019,1,25.8,28.4,27.1,1852994,1793755,1775156,966.4,53.6222222222222,3.98196357585471,"Republican",3.133
"West Virginia",2018,26,42,3.29583686600433,0,1,2018,2019,201807,0,0,0,2018,2019,1,25.8,28.4,27.1,1852994,1793755,1775156,966.4,53.6222222222222,3.98196357585471,"Republican",3.133
"West Virginia",2019,13,42,2.63905732961526,0,1,2018,2019,201807,0,0,0,2018,2019,1,25.8,28.4,27.1,1852994,1793755,1775156,966.4,53.6222222222222,3.98196357585471,"Republican",3.133
"West Virginia",2020,39,42,3.68887945411394,0,1,2018,2019,201807,0,0,0,2018,2019,1,25.8,28.4,27.1,1852994,1793755,1775156,966.4,53.6222222222222,3.98196357585471,"Republican",3.133
"West Virginia",2021,31,42,3.46573590279973,0,1,2018,2019,201807,0,0,0,2018,2019,1,25.8,28.4,27.1,1852994,1793755,1775156,966.4,53.6222222222222,3.98196357585471,"Republican",3.133
"West Virginia",2022,63,42,4.15888308335967,0,1,2018,2019,201807,0,0,0,2018,2019,1,25.8,28.4,27.1,1852994,1793755,1775156,966.4,53.6222222222222,3.98196357585471,"Republican",3.133
"Wisconsin",2015,15,43,2.77258872223978,1,0,0,0,0,0,0,0,2017,2017,0,26.5,28.3,27.4,5686986,5893725,5892539,745.4,44.5333333333333,3.79623797243444,"Swing State",5.794
"Wisconsin",2016,18,43,2.94443897916644,1,0,0,0,0,0,0,0,2017,2017,0,26.5,28.3,27.4,5686986,5893725,5892539,745.4,44.5333333333333,3.79623797243444,"Swing State",5.794
"Wisconsin",2017,26,43,3.29583686600433,1,0,0,0,0,0,0,0,2017,2017,0,26.5,28.3,27.4,5686986,5893725,5892539,745.4,44.5333333333333,3.79623797243444,"Swing State",5.794
"Wisconsin",2018,26,43,3.29583686600433,1,0,0,0,0,0,0,0,2017,2017,0,26.5,28.3,27.4,5686986,5893725,5892539,745.4,44.5333333333333,3.79623797243444,"Swing State",5.794
"Wisconsin",2019,60,43,4.11087386417331,1,0,0,0,0,0,0,0,2017,2017,0,26.5,28.3,27.4,5686986,5893725,5892539,745.4,44.5333333333333,3.79623797243444,"Swing State",5.794
"Wisconsin",2020,66,43,4.20469261939097,1,0,0,0,0,0,0,0,2017,2017,0,26.5,28.3,27.4,5686986,5893725,5892539,745.4,44.5333333333333,3.79623797243444,"Swing State",5.794
"Wisconsin",2021,100,43,4.61512051684126,1,0,0,0,0,0,0,0,2017,2017,0,26.5,28.3,27.4,5686986,5893725,5892539,745.4,44.5333333333333,3.79623797243444,"Swing State",5.794
"Wisconsin",2022,113,43,4.7361984483945,1,0,0,0,0,0,0,0,2017,2017,0,26.5,28.3,27.4,5686986,5893725,5892539,745.4,44.5333333333333,3.79623797243444,"Swing State",5.794
